{
  "todo": [
    {
      "id": 1,
      "Title": "json-server",
      "IsCompleted": true
    },
    {
      "id": 1,
      "Title": "Wings of Fire",
      "IsCompleted": false
    },
    {
      "id": 1,
      "Title": "Udaiyar",
      "IsCompleted": false
    },
    {
      "id": 1,
      "Title": "Chariots of Gods",
      "IsCompleted": false
    },
    {
      "Title": "Thirukural",
      "IsCompleted": true,
      "id": 2
    },
    {
      "Title": "Thirukural",
      "IsCompleted": true,
      "id": 3
    },
    {
      "Title": "Book of Dell Latops",
      "IsCompleted": false,
      "id": 4
    },
    {
      "Title": "Rajinikanth",
      "IsCompleted": false,
      "id": 5
    },
    {
      "Title": "All in One Destop",
      "IsCompleted": true,
      "id": 6
    },
    {
      "Title": "tetetetete",
      "IsCompleted": true,
      "id": 7
    },
    {
      "Title": "sDSDSDS",
      "IsCompleted": true,
      "id": 8
    }
  ],
  "comments": [
    {
      "id": 1,
      "body": "some comment",
      "postId": 1
    }
  ],
  "profile": {
    "name": "typicode"
  }
}